date,open,high,low,close,adjClose,volume
2026-08-13,2440.00,2445.00,2425.00,2435.00,2435.00,23011787
2026-08-12,2405.00,2415.00,2390.00,2415.00,2415.00,17709219
2026-08-11,2390.00,2405.00,2375.00,2395.00,2395.00,15907911
2026-08-10,2390.00,2410.00,2380.00,2380.00,2380.00,18892633
2026-08-07,2390.00,2395.00,2355.00,2370.00,2370.00,21959343
2026-08-06,2395.00,2395.00,2360.00,2365.00,2365.00,22943128
2026-08-05,2385.00,2415.00,2370.00,2405.00,2405.00,31905196
2026-08-04,2335.00,2360.00,2310.00,2320.00,2320.00,35945450
2026-08-03,2390.00,2395.00,2365.00,2370.00,2370.00,30005447
2026-07-31,2350.00,2425.00,2345.00,2425.00,2425.00,57145894
2026-07-30,2205.00,2260.00,2190.00,2205.00,2205.00,44446679
2026-07-29,2260.00,2280.00,2180.00,2200.00,2200.00,55449661
2026-07-28,2270.00,2305.00,2270.00,2280.00,2280.00,36576835
2026-07-27,2330.00,2365.00,2330.00,2350.00,2350.00,24040916
2026-07-24,2355.00,2365.00,2345.00,2350.00,2350.00,21646770
2026-07-23,2385.00,2405.00,2370.00,2405.00,2405.00,23190117
2026-07-22,2440.00,2445.00,2385.00,2400.00,2400.00,28887275
2026-07-21,2350.00,2410.00,2345.00,2410.00,2410.00,29931277
2026-07-20,2300.00,2345.00,2300.00,2320.00,2320.00,45272691
2026-07-17,2375.00,2395.00,2290.00,2290.00,2290.00,75253147
2026-07-16,2430.00,2470.00,2420.00,2470.00,2470.00,27848158
2026-07-15,2425.00,2460.00,2415.00,2440.00,2440.00,28532735
2026-07-14,2410.00,2430.00,2390.00,2420.00,2420.00,35607811
2026-07-13,2460.00,2480.00,2440.00,2440.00,2440.00,32938379
2026-07-10,2415.00,2415.00,2415.00,2415.00,2415.00,
2026-07-09,2450.00,2460.00,2415.00,2415.00,2415.00,27134789
2026-07-08,2445.00,2465.00,2420.00,2465.00,2465.00,23373702
2026-07-07,2480.00,2500.00,2440.00,2440.00,2440.00,27867172
2026-07-06,2465.00,2500.00,2455.00,2460.00,2460.00,19281603
2026-07-03,2415.00,2465.00,2415.00,2445.00,2445.00,26489446
2026-07-02,2450.00,2480.00,2445.00,2465.00,2465.00,27485121
2026-07-01,2495.00,2505.00,2475.00,2505.00,2505.00,30489002
2026-06-30,2440.00,2475.00,2410.00,2410.00,2410.00,42933128
2026-06-29,2330.00,2395.00,2330.00,2370.00,2370.00,33267315
2026-06-26,2360.00,2370.00,2325.00,2340.00,2340.00,39547254
2026-06-25,2410.00,2420.00,2390.00,2390.00,2390.00,34424468
2026-06-24,2435.00,2445.00,2390.00,2390.00,2390.00,55667954
2026-06-23,2510.00,2535.00,2490.00,2490.00,2490.00,34264856
2026-06-22,2455.00,2510.00,2455.00,2510.00,2510.00,39272494
2026-06-18,2395.00,2415.00,2385.00,2410.00,2410.00,46429815
2026-06-17,2355.00,2385.00,2350.00,2385.00,2385.00,25510076
2026-06-16,2375.00,2400.00,2350.00,2400.00,2400.00,29594351
2026-06-15,2360.00,2375.00,2345.00,2375.00,2375.00,25573718
2026-06-12,2325.00,2325.00,2290.00,2310.00,2310.00,21560608
2026-06-11,2240.00,2260.00,2210.00,2250.00,2250.00,34790220
2026-06-10,2285.00,2300.00,2255.00,2255.00,2249.00,42608467
2026-06-09,2305.00,2320.00,2295.00,2305.00,2298.87,33252041
2026-06-08,2230.00,2320.00,2230.00,2295.00,2288.89,44721632
2026-06-05,2395.00,2405.00,2350.00,2365.00,2358.71,32795780
2026-06-04,2385.00,2415.00,2385.00,2385.00,2378.65,25054494
2026-06-03,2425.00,2440.00,2410.00,2425.00,2418.55,22536554
2026-06-02,2390.00,2400.00,2360.00,2380.00,2373.67,29610654
2026-06-01,2355.00,2415.00,2350.00,2355.00,2348.73,35023445
2026-05-29,2340.00,2375.00,2330.00,2355.00,2348.73,86132863
2026-05-28,2350.00,2360.00,2270.00,2295.00,2288.89,36889432
2026-05-27,2310.00,2330.00,2290.00,2300.00,2293.88,31986652
2026-05-26,2320.00,2325.00,2270.00,2270.00,2263.96,22586387
2026-05-25,2275.00,2310.00,2275.00,2310.00,2303.85,25215869
2026-05-22,2245.00,2260.00,2225.00,2255.00,2249.00,24437825
2026-05-21,2240.00,2255.00,2230.00,2230.00,2224.07,22964974
2026-05-20,2205.00,2210.00,2185.00,2185.00,2179.19,29320253
2026-05-19,2220.00,2230.00,2205.00,2205.00,2199.13,34824449
2026-05-18,2225.00,2260.00,2215.00,2240.00,2234.04,25875079
2026-05-15,2310.00,2325.00,2250.00,2265.00,2258.97,29922154
2026-05-14,2250.00,2270.00,2230.00,2270.00,2263.96,31747100
2026-05-13,2205.00,2240.00,2205.00,2220.00,2214.09,35350292
2026-05-12,2235.00,2280.00,2210.00,2255.00,2249.00,44459541
2026-05-11,2265.00,2275.00,2235.00,2235.00,2229.05,37244077
2026-05-08,2300.00,2310.00,2265.00,2290.00,2283.91,27102571
2026-05-07,2335.00,2345.00,2310.00,2310.00,2303.85,35034517
2026-05-06,2250.00,2285.00,2240.00,2250.00,2244.01,31918664
2026-05-05,2250.00,2270.00,2240.00,2250.00,2244.01,21625279
2026-05-04,2200.00,2285.00,2195.00,2275.00,2268.95,38390062
2026-04-30,2205.00,2215.00,2135.00,2135.00,2129.32,48975164
2026-04-29,2175.00,2210.00,2165.00,2180.00,2174.20,42895935
2026-04-28,2245.00,2280.00,2215.00,2215.00,2209.11,47175356
2026-04-27,2280.00,2330.00,2265.00,2265.00,2258.97,68696037
2026-04-24,2110.00,2190.00,2105.00,2185.00,2179.19,45088050
2026-04-23,2090.00,2135.00,2055.00,2080.00,2074.47,48682193
2026-04-22,2045.00,2070.00,2040.00,2050.00,2044.55,24762881
2026-04-21,2050.00,2075.00,2045.00,2050.00,2044.55,25783476
2026-04-20,2030.00,2055.00,2025.00,2025.00,2019.61,25407621
2026-04-17,2055.00,2060.00,2030.00,2030.00,2024.60,39260244
2026-04-16,2080.00,2090.00,2055.00,2085.00,2079.45,32038524
2026-04-15,2065.00,2100.00,2060.00,2080.00,2074.47,40343568
2026-04-14,2015.00,2055.00,2010.00,2055.00,2049.53,39113405
2026-04-13,1985.00,1995.00,1975.00,1990.00,1984.71,28968757
2026-04-10,1975.00,2000.00,1970.00,2000.00,1994.68,28637625
2026-04-09,1945.00,1955.00,1930.00,1955.00,1949.80,31835073
2026-04-08,1935.00,1950.00,1925.00,1950.00,1944.81,46515921
2026-04-07,1850.00,1860.00,1835.00,1860.00,1855.05,17953562
2026-04-02,1865.00,1865.00,1805.00,1810.00,1805.18,25132417
2026-04-01,1840.00,1855.00,1830.00,1855.00,1850.06,35537379
2026-03-31,1775.00,1790.00,1760.00,1760.00,1755.32,49221091
2026-03-30,1780.00,1800.00,1780.00,1780.00,1775.26,39889700
2026-03-27,1805.00,1825.00,1800.00,1820.00,1815.16,28974140
2026-03-26,1850.00,1865.00,1840.00,1840.00,1835.10,20958470
2026-03-25,1865.00,1875.00,1845.00,1845.00,1840.09,40964040
2026-03-24,1850.00,1850.00,1800.00,1810.00,1805.18,27001025
2026-03-23,1790.00,1815.00,1785.00,1810.00,1805.18,34902948
2026-03-20,1860.00,1870.00,1840.00,1840.00,1835.10,46312322
2026-03-19,1875.00,1880.00,1850.00,1850.00,1845.08,31040569
2026-03-18,1900.00,1910.00,1890.00,1905.00,1899.93,23068156
2026-03-17,1875.00,1880.00,1860.00,1870.00,1865.02,23812211
2026-03-16,1875.00,1880.00,1845.00,1845.00,1834.11,31249086
2026-03-13,1840.00,1885.00,1840.00,1865.00,1853.99,31214304
2026-03-12,1900.00,1915.00,1885.00,1885.00,1873.87,34040589
2026-03-11,1885.00,1950.00,1875.00,1940.00,1928.55,36167313
2026-03-10,1870.00,1890.00,1830.00,1850.00,1839.08,41375691
2026-03-09,1775.00,1810.00,1770.00,1810.00,1799.31,76459172
2026-03-06,1880.00,1900.00,1880.00,1890.00,1878.84,30082724
2026-03-05,1940.00,1960.00,1895.00,1900.00,1888.78,48120463
2026-03-04,1895.00,1910.00,1865.00,1865.00,1853.99,68160943
2026-03-03,1970.00,1980.00,1935.00,1935.00,1923.58,43090471
2026-03-02,1940.00,1995.00,1940.00,1975.00,1963.34,48884884
2026-02-26,2000.00,2010.00,1995.00,1995.00,1983.22,58561388
2026-02-25,1995.00,2025.00,1995.00,2015.00,2003.10,40832607
2026-02-24,1915.00,1975.00,1915.00,1965.00,1953.40,40961679
2026-02-23,1900.00,1935.00,1900.00,1900.00,1888.78,69816209
2026-02-11,1880.00,1925.00,1875.00,1915.00,1903.69,40488310
2026-02-10,1845.00,1880.00,1840.00,1880.00,1868.90,41859169
2026-02-09,1830.00,1835.00,1815.00,1815.00,1804.28,36529289
2026-02-06,1745.00,1780.00,1740.00,1780.00,1769.49,33263592
2026-02-05,1765.00,1780.00,1760.00,1765.00,1754.58,26299986
2026-02-04,1785.00,1805.00,1775.00,1785.00,1774.46,26952301
2026-02-03,1810.00,1810.00,1785.00,1800.00,1789.37,26744162
2026-02-02,1750.00,1765.00,1745.00,1765.00,1754.58,28251381
2026-01-30,1790.00,1800.00,1775.00,1775.00,1764.52,40825139
2026-01-29,1830.00,1835.00,1800.00,1805.00,1794.34,32224002
2026-01-28,1790.00,1820.00,1790.00,1820.00,1809.25,29301156
2026-01-27,1760.00,1785.00,1755.00,1780.00,1769.49,28985200
2026-01-26,1765.00,1785.00,1755.00,1755.00,1744.64,22960198
2026-01-23,1770.00,1775.00,1750.00,1770.00,1759.55,27601167
2026-01-22,1765.00,1770.00,1750.00,1760.00,1749.61,32069478
2026-01-21,1745.00,1765.00,1740.00,1740.00,1729.73,45192749
2026-01-20,1740.00,1775.00,1740.00,1775.00,1764.52,29401234
2026-01-19,1725.00,1780.00,1725.00,1760.00,1749.61,29580038
2026-01-16,1735.00,1750.00,1710.00,1740.00,1729.73,53551629
2026-01-15,1685.00,1700.00,1680.00,1690.00,1680.02,36391886
2026-01-14,1705.00,1715.00,1700.00,1710.00,1699.90,29100816
2026-01-13,1720.00,1720.00,1700.00,1710.00,1699.90,30171800
2026-01-12,1700.00,1705.00,1690.00,1690.00,1680.02,29987449
2026-01-09,1665.00,1700.00,1655.00,1680.00,1670.08,37387656
2026-01-08,1660.00,1700.00,1655.00,1685.00,1675.05,29215618
2026-01-07,1665.00,1685.00,1665.00,1675.00,1665.11,49857449
2026-01-06,1645.00,1705.00,1645.00,1705.00,1694.93,46751692
2026-01-05,1630.00,1695.00,1625.00,1670.00,1660.14,66871820
2026-01-02,1555.00,1585.00,1545.00,1585.00,1575.64,37512761
